{"count":1,"self":32.8604352,"total":272.3675988,"children":{"InitializeActuators":{"count":12,"self":0.00099739999999999985,"total":0.00099739999999999985,"children":null},"InitializeSensors":{"count":12,"self":0.0019735,"total":0.0019735,"children":null},"AgentSendState":{"count":41701,"self":0.43332339999999997,"total":2.0691957,"children":{"CollectObservations":{"count":100092,"self":0.13967259999999998,"total":0.13967259999999998,"children":null},"WriteActionMask":{"count":100092,"self":0.089774899999999991,"total":0.089774899999999991,"children":null},"RequestDecision":{"count":100092,"self":0.2876144,"total":1.4064248,"children":{"AgentInfo.ToProto":{"count":100092,"self":0.297004,"total":1.1188103999999999,"children":{"GenerateSensorData":{"count":100092,"self":0.82180639999999994,"total":0.82180639999999994,"children":null}}}}}}},"DecideAction":{"count":41701,"self":236.4156672,"total":236.4156626,"children":null},"AgentAct":{"count":41701,"self":0.72569,"total":0.72569,"children":null},"AgentInfo.ToProto":{"count":9717,"self":0.0835746,"total":0.29264619999999997,"children":{"GenerateSensorData":{"count":9717,"self":0.2090716,"total":0.2090716,"children":null}}}},"gauges":{"ParkingIA.CumulativeReward":{"count":9717,"max":2,"min":-1,"runningAverage":0.9422694,"value":1,"weightedAverage":0.9533523}},"metadata":{"timer_format_version":"0.1.0","start_time_seconds":"1643644683","unity_version":"2020.3.21f1","command_line_arguments":"C:\\Program Files\\Unity\\Hub\\Editor\\2020.3.21f1\\Editor\\Unity.exe -projectpath C:\\Users\\carlo\\Desktop\\IA-Parking-main -useHub -hubIPC -cloudEnvironment production -licensingIpc LicenseClient-carlo -hubSessionId ab4ae300-82a1-11ec-822a-bbb87c395826 -accessToken rFA-mxF5nYswpCAzGfrSxfb56IMTy8AJ7P-AbMX5Rqg006f","communication_protocol_version":"1.5.0","com.unity.ml-agents_version":"2.1.0-exp.1","scene_name":"Entrenamiento","end_time_seconds":"1643644955"}}