{"count":1,"self":92.21869439999999,"total":839.0006958,"children":{"InitializeActuators":{"count":12,"self":0.0019936999999999997,"total":0.0019936999999999997,"children":null},"InitializeSensors":{"count":12,"self":0.0020256,"total":0.0020256,"children":null},"AgentSendState":{"count":120867,"self":1.4332869,"total":6.4876499999999995,"children":{"CollectObservations":{"count":290088,"self":0.4529912,"total":0.4529912,"children":null},"WriteActionMask":{"count":290088,"self":0.29355149999999997,"total":0.29355149999999997,"children":null},"RequestDecision":{"count":290088,"self":0.8787564,"total":4.3078204,"children":{"AgentInfo.ToProto":{"count":290088,"self":0.95737699999999992,"total":3.429064,"children":{"GenerateSensorData":{"count":290088,"self":2.4716869999999997,"total":2.4716869999999997,"children":null}}}}}}},"DecideAction":{"count":120867,"self":737.09670399999993,"total":737.0967068,"children":null},"AgentAct":{"count":120867,"self":2.2768216,"total":2.2768216,"children":null},"AgentInfo.ToProto":{"count":32271,"self":0.2781359,"total":0.91580719999999993,"children":{"GenerateSensorData":{"count":32271,"self":0.63767129999999994,"total":0.63767129999999994,"children":null}}}},"gauges":{"ParkingIA.CumulativeReward":{"count":32271,"max":2,"min":-0.25,"runningAverage":0.9703462,"value":1,"weightedAverage":0.99275285}},"metadata":{"timer_format_version":"0.1.0","start_time_seconds":"1641741494","unity_version":"2020.3.21f1","command_line_arguments":"C:\\Program Files\\Unity\\Hub\\Editor\\2020.3.21f1\\Editor\\Unity.exe -projectpath C:\\Users\\carlo\\Desktop\\Parking-Car -useHub -hubIPC -cloudEnvironment production -hubSessionId e0edc390-6ff2-11ec-858f-b7a64d93acc2 -accessToken tvkTTU2_gh8_fm8Fv3OFwBxaIGQuuHgWhwD99bfgPsE006f","communication_protocol_version":"1.5.0","com.unity.ml-agents_version":"2.1.0-exp.1","scene_name":"SampleScene","end_time_seconds":"1641742333"}}